Order_Date,Channel,total_revenue,order_count
2024-01-01,POS,218198.0,142
2024-01-01,Shopify,153656.0,126
2024-01-01,Taobao,155890.0,152
2024-01-02,POS,253397.0,162
2024-01-02,Shopify,153985.0,129
2024-01-02,Taobao,141808.0,131
2024-01-03,POS,176268.0,117
2024-01-03,Shopify,135566.0,118
2024-01-03,Taobao,141322.0,144
2024-01-04,POS,215699.0,148
2024-01-04,Shopify,167896.0,137
2024-01-04,Taobao,145200.0,132
2024-01-05,POS,234874.0,154
2024-01-05,Shopify,173585.0,135
2024-01-05,Taobao,165521.0,165
2024-01-06,POS,227063.0,147
2024-01-06,Shopify,168031.0,146
2024-01-06,Taobao,146840.0,148
2024-01-07,POS,189727.0,129
2024-01-07,Shopify,165611.0,138
2024-01-07,Taobao,168402.0,159
2024-01-08,POS,220864.0,149
2024-01-08,Shopify,196631.0,159
2024-01-08,Taobao,125730.0,132
2024-01-09,POS,189057.0,135
2024-01-09,Shopify,130008.0,111
2024-01-09,Taobao,128728.0,126
2024-01-10,POS,209528.0,139
2024-01-10,Shopify,189504.0,148
2024-01-10,Taobao,126258.0,120
2024-01-11,POS,190605.0,124
2024-01-11,Shopify,163313.0,134
2024-01-11,Taobao,132853.0,133
2024-01-12,POS,188866.0,133
2024-01-12,Shopify,167754.0,142
2024-01-12,Taobao,149109.0,142
2024-01-13,POS,219152.0,145
2024-01-13,Shopify,168855.0,143
2024-01-13,Taobao,142217.0,138
2024-01-14,POS,207479.0,133
2024-01-14,Shopify,136930.0,117
2024-01-14,Taobao,158083.0,147
2024-01-15,POS,160017.0,109
2024-01-15,Shopify,151159.0,128
2024-01-15,Taobao,160628.0,149
2024-01-16,POS,222067.0,133
2024-01-16,Shopify,131601.0,119
2024-01-16,Taobao,125799.0,122
2024-01-17,POS,198309.0,129
2024-01-17,Shopify,198906.0,157
2024-01-17,Taobao,122092.0,119
2024-01-18,POS,180920.0,135
2024-01-18,Shopify,172968.0,139
2024-01-18,Taobao,176300.0,160
2024-01-19,POS,226227.0,143
2024-01-19,Shopify,178202.0,141
2024-01-19,Taobao,138581.0,128
2024-01-20,POS,250263.0,150
2024-01-20,Shopify,145910.0,130
2024-01-20,Taobao,146836.0,142
2024-01-21,POS,198597.0,132
2024-01-21,Shopify,162835.0,135
2024-01-21,Taobao,137890.0,144
2024-01-22,POS,213687.0,139
2024-01-22,Shopify,154866.0,127
2024-01-22,Taobao,163067.0,157
2024-01-23,POS,207993.0,134
2024-01-23,Shopify,144890.0,122
2024-01-23,Taobao,113546.0,114
2024-01-24,POS,200831.0,135
2024-01-24,Shopify,166939.0,141
2024-01-24,Taobao,127224.0,128
2024-01-25,POS,170833.0,118
2024-01-25,Shopify,149314.0,113
2024-01-25,Taobao,144608.0,133
2024-01-26,POS,187371.0,129
2024-01-26,Shopify,177241.0,153
2024-01-26,Taobao,156008.0,148
2024-01-27,POS,172246.0,122
2024-01-27,Shopify,206312.0,160
2024-01-27,Taobao,103005.0,108
2024-01-28,POS,196542.0,135
2024-01-28,Shopify,148924.0,123
2024-01-28,Taobao,134241.0,132
2024-01-29,POS,203509.0,150
2024-01-29,Shopify,186741.0,150
2024-01-29,Taobao,127370.0,123
2024-01-30,POS,208085.0,135
2024-01-30,Shopify,163592.0,133
2024-01-30,Taobao,145178.0,134
2024-01-31,POS,193415.0,121
2024-01-31,Shopify,137173.0,123
2024-01-31,Taobao,136632.0,141
2024-02-01,POS,204068.0,127
2024-02-01,Shopify,169336.0,131
2024-02-01,Taobao,148089.0,133
2024-02-02,POS,187071.0,126
2024-02-02,Shopify,176808.0,148
2024-02-02,Taobao,136041.0,132
2024-02-03,POS,203283.0,117
2024-02-03,Shopify,139104.0,129
2024-02-03,Taobao,138204.0,129
2024-02-04,POS,244685.0,148
2024-02-04,Shopify,160442.0,138
2024-02-04,Taobao,122876.0,125
2024-02-05,POS,204758.0,135
2024-02-05,Shopify,172951.0,150
2024-02-05,Taobao,145958.0,142
2024-02-06,POS,186849.0,125
2024-02-06,Shopify,181001.0,144
2024-02-06,Taobao,152279.0,153
2024-02-07,POS,204959.0,146
2024-02-07,Shopify,171840.0,137
2024-02-07,Taobao,136665.0,134
2024-02-08,POS,213143.0,140
2024-02-08,Shopify,154271.0,136
2024-02-08,Taobao,114440.0,110
2024-02-09,POS,198470.0,122
2024-02-09,Shopify,157725.0,136
2024-02-09,Taobao,136525.0,134
2024-02-10,POS,204992.0,135
2024-02-10,Shopify,192942.0,148
2024-02-10,Taobao,132232.0,122
2024-02-11,POS,232433.0,160
2024-02-11,Shopify,137607.0,115
2024-02-11,Taobao,128137.0,136
2024-02-12,POS,207875.0,134
2024-02-12,Shopify,164188.0,128
2024-02-12,Taobao,138839.0,140
2024-02-13,POS,243872.0,151
2024-02-13,Shopify,143281.0,117
2024-02-13,Taobao,134356.0,136
2024-02-14,POS,194931.0,129
2024-02-14,Shopify,156520.0,135
2024-02-14,Taobao,146213.0,140
2024-02-15,POS,209145.0,142
2024-02-15,Shopify,114172.0,108
2024-02-15,Taobao,138768.0,139
2024-02-16,POS,201132.0,135
2024-02-16,Shopify,151593.0,138
2024-02-16,Taobao,123101.0,125
2024-02-17,POS,238006.0,160
2024-02-17,Shopify,172836.0,140
2024-02-17,Taobao,115241.0,114
2024-02-18,POS,199873.0,133
2024-02-18,Shopify,165523.0,135
2024-02-18,Taobao,159386.0,154
2024-02-19,POS,216352.0,152
2024-02-19,Shopify,176576.0,139
2024-02-19,Taobao,160276.0,150
2024-02-20,POS,192329.0,129
2024-02-20,Shopify,158630.0,132
2024-02-20,Taobao,151891.0,139
2024-02-21,POS,192434.0,126
2024-02-21,Shopify,169422.0,143
2024-02-21,Taobao,137873.0,144
2024-02-22,POS,232453.0,148
2024-02-22,Shopify,170442.0,142
2024-02-22,Taobao,131975.0,129
2024-02-23,POS,179674.0,123
2024-02-23,Shopify,179165.0,133
2024-02-23,Taobao,116553.0,128
2024-02-24,POS,185871.0,124
2024-02-24,Shopify,161460.0,139
2024-02-24,Taobao,116034.0,120
2024-02-25,POS,205550.0,144
2024-02-25,Shopify,168140.0,136
2024-02-25,Taobao,137969.0,141
2024-02-26,POS,200421.0,138
2024-02-26,Shopify,156061.0,138
2024-02-26,Taobao,123052.0,125
2024-02-27,POS,232553.0,150
2024-02-27,Shopify,161236.0,131
2024-02-27,Taobao,125431.0,123
2024-02-28,POS,226127.0,153
2024-02-28,Shopify,177141.0,148
2024-02-28,Taobao,143485.0,139
2024-02-29,POS,220343.0,137
2024-02-29,Shopify,188906.0,154
2024-02-29,Taobao,132033.0,140
2024-03-01,POS,217743.0,143
2024-03-01,Shopify,142267.0,120
2024-03-01,Taobao,130921.0,133
2024-03-02,POS,187827.0,127
2024-03-02,Shopify,165472.0,143
2024-03-02,Taobao,148116.0,143
2024-03-03,POS,182769.0,120
2024-03-03,Shopify,134123.0,119
2024-03-03,Taobao,136793.0,130
2024-03-04,POS,173998.0,120
2024-03-04,Shopify,182119.0,146
2024-03-04,Taobao,142977.0,137
2024-03-05,POS,210183.0,136
2024-03-05,Shopify,142920.0,124
2024-03-05,Taobao,145288.0,145
2024-03-06,POS,182706.0,117
2024-03-06,Shopify,146355.0,126
2024-03-06,Taobao,137769.0,132
2024-03-07,POS,221643.0,152
2024-03-07,Shopify,151366.0,128
2024-03-07,Taobao,131416.0,138
2024-03-08,POS,200801.0,133
2024-03-08,Shopify,175679.0,143
2024-03-08,Taobao,149479.0,159
2024-03-09,POS,181122.0,124
2024-03-09,Shopify,160008.0,127
2024-03-09,Taobao,150510.0,142
2024-03-10,POS,208254.0,149
2024-03-10,Shopify,180014.0,146
2024-03-10,Taobao,160145.0,147
2024-03-11,POS,174882.0,119
2024-03-11,Shopify,157949.0,133
2024-03-11,Taobao,137601.0,128
2024-03-12,POS,261748.0,157
2024-03-12,Shopify,159068.0,146
2024-03-12,Taobao,143980.0,144
2024-03-13,POS,213318.0,135
2024-03-13,Shopify,166517.0,136
2024-03-13,Taobao,129753.0,128
2024-03-14,POS,220548.0,140
2024-03-14,Shopify,172215.0,144
2024-03-14,Taobao,149286.0,139
2024-03-15,POS,169726.0,125
2024-03-15,Shopify,173701.0,149
2024-03-15,Taobao,126823.0,129
2024-03-16,POS,217807.0,138
2024-03-16,Shopify,168507.0,138
2024-03-16,Taobao,154495.0,149
2024-03-17,POS,186875.0,118
2024-03-17,Shopify,158294.0,130
2024-03-17,Taobao,124238.0,129
2024-03-18,POS,222837.0,140
2024-03-18,Shopify,158703.0,143
2024-03-18,Taobao,127844.0,125
2024-03-19,POS,181414.0,121
2024-03-19,Shopify,162397.0,139
2024-03-19,Taobao,162742.0,145
2024-03-20,POS,196626.0,133
2024-03-20,Shopify,142895.0,131
2024-03-20,Taobao,120040.0,124
2024-03-21,POS,198387.0,125
2024-03-21,Shopify,153837.0,134
2024-03-21,Taobao,154922.0,155
2024-03-22,POS,267761.0,169
2024-03-22,Shopify,157358.0,135
2024-03-22,Taobao,154108.0,142
2024-03-23,POS,207333.0,139
2024-03-23,Shopify,189682.0,144
2024-03-23,Taobao,153746.0,143
2024-03-24,POS,201604.0,130
2024-03-24,Shopify,187783.0,152
2024-03-24,Taobao,158346.0,144
2024-03-25,POS,199738.0,126
2024-03-25,Shopify,145121.0,122
2024-03-25,Taobao,141182.0,134
2024-03-26,POS,204717.0,141
2024-03-26,Shopify,171476.0,148
2024-03-26,Taobao,147729.0,141
2024-03-27,POS,236034.0,144
2024-03-27,Shopify,181107.0,148
2024-03-27,Taobao,134364.0,142
2024-03-28,POS,169013.0,119
2024-03-28,Shopify,151357.0,122
2024-03-28,Taobao,161127.0,148
2024-03-29,POS,196199.0,132
2024-03-29,Shopify,149404.0,126
2024-03-29,Taobao,134442.0,139
2024-03-30,POS,219810.0,142
2024-03-30,Shopify,227657.0,178
2024-03-30,Taobao,161064.0,158
2024-03-31,POS,213605.0,140
2024-03-31,Shopify,148118.0,122
2024-03-31,Taobao,123385.0,120
2024-04-01,POS,210539.0,142
2024-04-01,Shopify,160236.0,138
2024-04-01,Taobao,126761.0,121
2024-04-02,POS,200283.0,139
2024-04-02,Shopify,159921.0,125
2024-04-02,Taobao,130966.0,136
2024-04-03,POS,202462.0,137
2024-04-03,Shopify,174011.0,135
2024-04-03,Taobao,152424.0,141
2024-04-04,POS,173090.0,123
2024-04-04,Shopify,179980.0,145
2024-04-04,Taobao,119442.0,122
2024-04-05,POS,215840.0,138
2024-04-05,Shopify,159469.0,142
2024-04-05,Taobao,133654.0,135
2024-04-06,POS,202547.0,136
2024-04-06,Shopify,151550.0,127
2024-04-06,Taobao,148691.0,132
2024-04-07,POS,211756.0,145
2024-04-07,Shopify,169896.0,145
2024-04-07,Taobao,142865.0,148
2024-04-08,POS,203110.0,139
2024-04-08,Shopify,158313.0,124
2024-04-08,Taobao,146654.0,133
2024-04-09,POS,198538.0,130
2024-04-09,Shopify,168971.0,133
2024-04-09,Taobao,145320.0,142
2024-04-10,POS,214694.0,147
2024-04-10,Shopify,145234.0,107
2024-04-10,Taobao,128229.0,131
2024-04-11,POS,199132.0,125
2024-04-11,Shopify,168785.0,133
2024-04-11,Taobao,134891.0,123
2024-04-12,POS,219853.0,148
2024-04-12,Shopify,185188.0,146
2024-04-12,Taobao,144519.0,142
2024-04-13,POS,190151.0,119
2024-04-13,Shopify,190176.0,144
2024-04-13,Taobao,106800.0,110
2024-04-14,POS,218422.0,151
2024-04-14,Shopify,181135.0,137
2024-04-14,Taobao,153691.0,151
2024-04-15,POS,200576.0,129
2024-04-15,Shopify,173157.0,140
2024-04-15,Taobao,153802.0,142
2024-04-16,POS,218981.0,140
2024-04-16,Shopify,192812.0,153
2024-04-16,Taobao,125242.0,110
2024-04-17,POS,209133.0,146
2024-04-17,Shopify,152962.0,134
2024-04-17,Taobao,133529.0,136
2024-04-18,POS,221320.0,146
2024-04-18,Shopify,175417.0,143
2024-04-18,Taobao,106953.0,114
2024-04-19,POS,186100.0,128
2024-04-19,Shopify,160935.0,124
2024-04-19,Taobao,153206.0,148
2024-04-20,POS,201489.0,135
2024-04-20,Shopify,171669.0,151
2024-04-20,Taobao,151304.0,144
2024-04-21,POS,194627.0,134
2024-04-21,Shopify,163149.0,130
2024-04-21,Taobao,157092.0,149
2024-04-22,POS,210923.0,141
2024-04-22,Shopify,173051.0,138
2024-04-22,Taobao,127906.0,133
2024-04-23,POS,213541.0,136
2024-04-23,Shopify,168584.0,139
2024-04-23,Taobao,162733.0,150
2024-04-24,POS,168684.0,124
2024-04-24,Shopify,161664.0,128
2024-04-24,Taobao,165548.0,145
2024-04-25,POS,183348.0,126
2024-04-25,Shopify,190816.0,144
2024-04-25,Taobao,144043.0,137
2024-04-26,POS,193996.0,129
2024-04-26,Shopify,175378.0,140
2024-04-26,Taobao,142708.0,128
2024-04-27,POS,210280.0,144
2024-04-27,Shopify,152334.0,131
2024-04-27,Taobao,137931.0,136
2024-04-28,POS,171715.0,118
2024-04-28,Shopify,146669.0,119
2024-04-28,Taobao,121056.0,127
2024-04-29,POS,232149.0,140
2024-04-29,Shopify,159303.0,127
2024-04-29,Taobao,136226.0,145
2024-04-30,POS,179646.0,120
2024-04-30,Shopify,148017.0,126
2024-04-30,Taobao,152543.0,138
2024-05-01,POS,177278.0,117
2024-05-01,Shopify,165007.0,143
2024-05-01,Taobao,139870.0,132
2024-05-02,POS,234024.0,151
2024-05-02,Shopify,173908.0,151
2024-05-02,Taobao,164308.0,156
2024-05-03,POS,199542.0,133
2024-05-03,Shopify,162189.0,143
2024-05-03,Taobao,119511.0,122
2024-05-04,POS,210584.0,136
2024-05-04,Shopify,182323.0,149
2024-05-04,Taobao,133979.0,129
2024-05-05,POS,208230.0,135
2024-05-05,Shopify,157645.0,135
2024-05-05,Taobao,131940.0,132
2024-05-06,POS,192568.0,119
2024-05-06,Shopify,171018.0,134
2024-05-06,Taobao,132897.0,137
2024-05-07,POS,199316.0,137
2024-05-07,Shopify,155439.0,137
2024-05-07,Taobao,147316.0,138
2024-05-08,POS,200218.0,141
2024-05-08,Shopify,143277.0,125
2024-05-08,Taobao,99456.0,105
2024-05-09,POS,187328.0,125
2024-05-09,Shopify,192367.0,153
2024-05-09,Taobao,135847.0,131
2024-05-10,POS,216641.0,141
2024-05-10,Shopify,160008.0,142
2024-05-10,Taobao,153717.0,152
2024-05-11,POS,183272.0,124
2024-05-11,Shopify,184747.0,145
2024-05-11,Taobao,135753.0,143
2024-05-12,POS,210976.0,140
2024-05-12,Shopify,142152.0,116
2024-05-12,Taobao,138944.0,126
2024-05-13,POS,248642.0,161
2024-05-13,Shopify,159339.0,132
2024-05-13,Taobao,158899.0,153
2024-05-14,POS,215378.0,135
2024-05-14,Shopify,168719.0,149
2024-05-14,Taobao,151964.0,148
2024-05-15,POS,225015.0,136
2024-05-15,Shopify,179567.0,149
2024-05-15,Taobao,142451.0,132
2024-05-16,POS,213855.0,152
2024-05-16,Shopify,181334.0,151
2024-05-16,Taobao,152279.0,136
2024-05-17,POS,198209.0,145
2024-05-17,Shopify,188756.0,156
2024-05-17,Taobao,130571.0,134
2024-05-18,POS,229955.0,146
2024-05-18,Shopify,140107.0,126
2024-05-18,Taobao,121593.0,119
2024-05-19,POS,170780.0,115
2024-05-19,Shopify,147572.0,135
2024-05-19,Taobao,156229.0,148
2024-05-20,POS,205518.0,144
2024-05-20,Shopify,155655.0,134
2024-05-20,Taobao,161435.0,150
2024-05-21,POS,196914.0,133
2024-05-21,Shopify,169190.0,143
2024-05-21,Taobao,151044.0,147
2024-05-22,POS,185313.0,134
2024-05-22,Shopify,153897.0,123
2024-05-22,Taobao,132017.0,124
2024-05-23,POS,208849.0,144
2024-05-23,Shopify,180013.0,154
2024-05-23,Taobao,116696.0,120
2024-05-24,POS,188203.0,129
2024-05-24,Shopify,157182.0,141
2024-05-24,Taobao,123516.0,121
2024-05-25,POS,179670.0,122
2024-05-25,Shopify,136143.0,125
2024-05-25,Taobao,124325.0,130
2024-05-26,POS,224686.0,146
2024-05-26,Shopify,144888.0,126
2024-05-26,Taobao,129571.0,127
2024-05-27,POS,191562.0,123
2024-05-27,Shopify,164134.0,131
2024-05-27,Taobao,131961.0,124
2024-05-28,POS,203768.0,142
2024-05-28,Shopify,193179.0,159
2024-05-28,Taobao,124419.0,122
2024-05-29,POS,227736.0,149
2024-05-29,Shopify,122573.0,117
2024-05-29,Taobao,147897.0,140
2024-05-30,POS,243672.0,151
2024-05-30,Shopify,157420.0,137
2024-05-30,Taobao,157835.0,158
2024-05-31,POS,226029.0,146
2024-05-31,Shopify,151203.0,128
2024-05-31,Taobao,133265.0,128
2024-06-01,POS,233980.0,156
2024-06-01,Shopify,126043.0,125
2024-06-01,Taobao,139027.0,128
2024-06-02,POS,227008.0,164
2024-06-02,Shopify,151908.0,121
2024-06-02,Taobao,119772.0,124
2024-06-03,POS,217139.0,136
2024-06-03,Shopify,138240.0,119
2024-06-03,Taobao,121400.0,120
2024-06-04,POS,195946.0,131
2024-06-04,Shopify,192876.0,149
2024-06-04,Taobao,141949.0,145
2024-06-05,POS,180461.0,110
2024-06-05,Shopify,169261.0,140
2024-06-05,Taobao,123227.0,126
2024-06-06,POS,225615.0,145
2024-06-06,Shopify,155578.0,125
2024-06-06,Taobao,143651.0,133
2024-06-07,POS,183765.0,132
2024-06-07,Shopify,139352.0,132
2024-06-07,Taobao,105663.0,106
2024-06-08,POS,223641.0,140
2024-06-08,Shopify,170185.0,140
2024-06-08,Taobao,144915.0,133
2024-06-09,POS,214079.0,139
2024-06-09,Shopify,163606.0,139
2024-06-09,Taobao,134858.0,134
2024-06-10,POS,203902.0,135
2024-06-10,Shopify,169869.0,134
2024-06-10,Taobao,138529.0,133
2024-06-11,POS,220828.0,140
2024-06-11,Shopify,152860.0,128
2024-06-11,Taobao,140161.0,142
2024-06-12,POS,223862.0,151
2024-06-12,Shopify,171565.0,133
2024-06-12,Taobao,164652.0,151
2024-06-13,POS,167411.0,118
2024-06-13,Shopify,168281.0,145
2024-06-13,Taobao,165330.0,159
2024-06-14,POS,220245.0,150
2024-06-14,Shopify,174140.0,140
2024-06-14,Taobao,142493.0,146
2024-06-15,POS,170608.0,107
2024-06-15,Shopify,177706.0,154
2024-06-15,Taobao,120139.0,117
2024-06-16,POS,241728.0,155
2024-06-16,Shopify,196227.0,157
2024-06-16,Taobao,114740.0,117
2024-06-17,POS,226261.0,155
2024-06-17,Shopify,153877.0,122
2024-06-17,Taobao,127161.0,123
2024-06-18,POS,211288.0,136
2024-06-18,Shopify,207518.0,151
2024-06-18,Taobao,122331.0,119
2024-06-19,POS,197854.0,134
2024-06-19,Shopify,159365.0,136
2024-06-19,Taobao,135563.0,137
2024-06-20,POS,217412.0,157
2024-06-20,Shopify,163281.0,147
2024-06-20,Taobao,134507.0,130
2024-06-21,POS,189023.0,125
2024-06-21,Shopify,179713.0,150
2024-06-21,Taobao,150056.0,140
2024-06-22,POS,231128.0,148
2024-06-22,Shopify,152977.0,129
2024-06-22,Taobao,131470.0,130
2024-06-23,POS,203846.0,136
2024-06-23,Shopify,171183.0,151
2024-06-23,Taobao,127725.0,120
2024-06-24,POS,193473.0,128
2024-06-24,Shopify,158329.0,136
2024-06-24,Taobao,129362.0,127
2024-06-25,POS,214631.0,140
2024-06-25,Shopify,157105.0,132
2024-06-25,Taobao,144157.0,136
2024-06-26,POS,224660.0,149
2024-06-26,Shopify,161863.0,145
2024-06-26,Taobao,156431.0,158
2024-06-27,POS,213848.0,140
2024-06-27,Shopify,168196.0,136
2024-06-27,Taobao,156063.0,140
2024-06-28,POS,233286.0,143
2024-06-28,Shopify,151690.0,133
2024-06-28,Taobao,124827.0,125
2024-06-29,POS,230262.0,165
2024-06-29,Shopify,173218.0,149
2024-06-29,Taobao,140169.0,139
2024-06-30,POS,226956.0,151
2024-06-30,Shopify,147934.0,123
2024-06-30,Taobao,133512.0,136
2024-07-01,POS,199687.0,127
2024-07-01,Shopify,162387.0,128
2024-07-01,Taobao,127250.0,126
2024-07-02,POS,200154.0,127
2024-07-02,Shopify,136166.0,118
2024-07-02,Taobao,134534.0,130
2024-07-03,POS,200725.0,128
2024-07-03,Shopify,137062.0,123
2024-07-03,Taobao,127797.0,126
2024-07-04,POS,214977.0,131
2024-07-04,Shopify,166869.0,133
2024-07-04,Taobao,146696.0,145
2024-07-05,POS,216728.0,149
2024-07-05,Shopify,182597.0,141
2024-07-05,Taobao,153869.0,137
2024-07-06,POS,198689.0,128
2024-07-06,Shopify,175495.0,140
2024-07-06,Taobao,137188.0,133
2024-07-07,POS,203014.0,125
2024-07-07,Shopify,161076.0,139
2024-07-07,Taobao,135831.0,128
2024-07-08,POS,253168.0,156
2024-07-08,Shopify,161728.0,135
2024-07-08,Taobao,156898.0,144
2024-07-09,POS,152641.0,106
2024-07-09,Shopify,172166.0,139
2024-07-09,Taobao,134551.0,139
2024-07-10,POS,232460.0,158
2024-07-10,Shopify,163180.0,133
2024-07-10,Taobao,169604.0,148
2024-07-11,POS,221634.0,143
2024-07-11,Shopify,153242.0,132
2024-07-11,Taobao,157813.0,144
2024-07-12,POS,214315.0,145
2024-07-12,Shopify,192941.0,154
2024-07-12,Taobao,150173.0,146
2024-07-13,POS,206102.0,141
2024-07-13,Shopify,179737.0,149
2024-07-13,Taobao,134119.0,127
2024-07-14,POS,213278.0,138
2024-07-14,Shopify,173071.0,141
2024-07-14,Taobao,129133.0,124
2024-07-15,POS,199838.0,130
2024-07-15,Shopify,171235.0,143
2024-07-15,Taobao,143888.0,143
2024-07-16,POS,219392.0,150
2024-07-16,Shopify,178014.0,134
2024-07-16,Taobao,155004.0,153
2024-07-17,POS,183117.0,133
2024-07-17,Shopify,165343.0,141
2024-07-17,Taobao,146035.0,138
2024-07-18,POS,194869.0,129
2024-07-18,Shopify,169437.0,136
2024-07-18,Taobao,139800.0,135
2024-07-19,POS,218832.0,148
2024-07-19,Shopify,175961.0,150
2024-07-19,Taobao,135727.0,137
2024-07-20,POS,256815.0,160
2024-07-20,Shopify,144906.0,123
2024-07-20,Taobao,134582.0,131
2024-07-21,POS,236632.0,156
2024-07-21,Shopify,161899.0,135
2024-07-21,Taobao,152097.0,149
2024-07-22,POS,207853.0,145
2024-07-22,Shopify,170059.0,141
2024-07-22,Taobao,156756.0,148
2024-07-23,POS,204476.0,138
2024-07-23,Shopify,189230.0,143
2024-07-23,Taobao,156788.0,148
2024-07-24,POS,176328.0,123
2024-07-24,Shopify,168674.0,135
2024-07-24,Taobao,155647.0,141
2024-07-25,POS,164121.0,117
2024-07-25,Shopify,164093.0,127
2024-07-25,Taobao,139525.0,137
2024-07-26,POS,180184.0,118
2024-07-26,Shopify,193512.0,159
2024-07-26,Taobao,164823.0,157
2024-07-27,POS,187868.0,141
2024-07-27,Shopify,191226.0,152
2024-07-27,Taobao,127230.0,125
2024-07-28,POS,201528.0,137
2024-07-28,Shopify,188308.0,144
2024-07-28,Taobao,126112.0,133
2024-07-29,POS,204675.0,132
2024-07-29,Shopify,180033.0,150
2024-07-29,Taobao,149611.0,148
2024-07-30,POS,192125.0,124
2024-07-30,Shopify,164506.0,138
2024-07-30,Taobao,105765.0,104
2024-07-31,POS,191375.0,128
2024-07-31,Shopify,141709.0,125
2024-07-31,Taobao,127098.0,126
2024-08-01,POS,194340.0,124
2024-08-01,Shopify,161941.0,137
2024-08-01,Taobao,117407.0,118
2024-08-02,POS,203612.0,140
2024-08-02,Shopify,190697.0,152
2024-08-02,Taobao,151801.0,155
2024-08-03,POS,226478.0,145
2024-08-03,Shopify,146067.0,115
2024-08-03,Taobao,155837.0,140
2024-08-04,POS,244096.0,161
2024-08-04,Shopify,159204.0,136
2024-08-04,Taobao,121459.0,118
2024-08-05,POS,194839.0,127
2024-08-05,Shopify,189058.0,147
2024-08-05,Taobao,150361.0,136
2024-08-06,POS,193963.0,131
2024-08-06,Shopify,184055.0,144
2024-08-06,Taobao,175739.0,171
2024-08-07,POS,231531.0,151
2024-08-07,Shopify,144119.0,129
2024-08-07,Taobao,109565.0,113
2024-08-08,POS,186687.0,126
2024-08-08,Shopify,138589.0,115
2024-08-08,Taobao,153769.0,146
2024-08-09,POS,269730.0,173
2024-08-09,Shopify,145275.0,119
2024-08-09,Taobao,134073.0,127
2024-08-10,POS,195238.0,126
2024-08-10,Shopify,146544.0,131
2024-08-10,Taobao,125949.0,134
2024-08-11,POS,204363.0,135
2024-08-11,Shopify,190059.0,158
2024-08-11,Taobao,150236.0,146
2024-08-12,POS,198804.0,143
2024-08-12,Shopify,167242.0,142
2024-08-12,Taobao,125996.0,120
2024-08-13,POS,180551.0,126
2024-08-13,Shopify,181924.0,155
2024-08-13,Taobao,141972.0,137
2024-08-14,POS,217189.0,137
2024-08-14,Shopify,196386.0,163
2024-08-14,Taobao,133513.0,123
2024-08-15,POS,222029.0,143
2024-08-15,Shopify,154817.0,135
2024-08-15,Taobao,146264.0,134
2024-08-16,POS,174912.0,126
2024-08-16,Shopify,140882.0,128
2024-08-16,Taobao,162083.0,158
2024-08-17,POS,211662.0,138
2024-08-17,Shopify,163523.0,136
2024-08-17,Taobao,131356.0,123
2024-08-18,POS,212453.0,141
2024-08-18,Shopify,171846.0,136
2024-08-18,Taobao,143410.0,134
2024-08-19,POS,235660.0,154
2024-08-19,Shopify,163680.0,127
2024-08-19,Taobao,111519.0,118
2024-08-20,POS,215013.0,137
2024-08-20,Shopify,158892.0,136
2024-08-20,Taobao,153531.0,148
2024-08-21,POS,214960.0,149
2024-08-21,Shopify,184659.0,161
2024-08-21,Taobao,144943.0,142
2024-08-22,POS,202911.0,145
2024-08-22,Shopify,165774.0,144
2024-08-22,Taobao,151891.0,154
2024-08-23,POS,233534.0,140
2024-08-23,Shopify,151270.0,125
2024-08-23,Taobao,150779.0,145
2024-08-24,POS,200478.0,137
2024-08-24,Shopify,160399.0,146
2024-08-24,Taobao,151399.0,143
2024-08-25,POS,202921.0,132
2024-08-25,Shopify,169118.0,143
2024-08-25,Taobao,150848.0,154
2024-08-26,POS,197650.0,134
2024-08-26,Shopify,177558.0,146
2024-08-26,Taobao,158632.0,156
2024-08-27,POS,204023.0,125
2024-08-27,Shopify,148656.0,119
2024-08-27,Taobao,108686.0,113
2024-08-28,POS,264192.0,174
2024-08-28,Shopify,172130.0,144
2024-08-28,Taobao,121233.0,122
2024-08-29,POS,167762.0,120
2024-08-29,Shopify,194582.0,154
2024-08-29,Taobao,144788.0,137
2024-08-30,POS,185440.0,119
2024-08-30,Shopify,179400.0,149
2024-08-30,Taobao,129896.0,118
2024-08-31,POS,226157.0,146
2024-08-31,Shopify,156540.0,124
2024-08-31,Taobao,134405.0,134
2024-09-01,POS,200456.0,133
2024-09-01,Shopify,165496.0,142
2024-09-01,Taobao,151176.0,145
2024-09-02,POS,218028.0,132
2024-09-02,Shopify,175341.0,147
2024-09-02,Taobao,132429.0,131
2024-09-03,POS,209164.0,123
2024-09-03,Shopify,162816.0,140
2024-09-03,Taobao,144426.0,143
2024-09-04,POS,221021.0,148
2024-09-04,Shopify,171072.0,145
2024-09-04,Taobao,128021.0,129
2024-09-05,POS,191866.0,120
2024-09-05,Shopify,158671.0,145
2024-09-05,Taobao,122387.0,129
2024-09-06,POS,221977.0,153
2024-09-06,Shopify,164700.0,136
2024-09-06,Taobao,132614.0,127
2024-09-07,POS,249102.0,150
2024-09-07,Shopify,177124.0,151
2024-09-07,Taobao,138341.0,133
2024-09-08,POS,198137.0,135
2024-09-08,Shopify,146132.0,129
2024-09-08,Taobao,125071.0,132
2024-09-09,POS,201311.0,137
2024-09-09,Shopify,181015.0,148
2024-09-09,Taobao,122868.0,118
2024-09-10,POS,209279.0,131
2024-09-10,Shopify,170554.0,127
2024-09-10,Taobao,151430.0,144
2024-09-11,POS,180524.0,120
2024-09-11,Shopify,138970.0,122
2024-09-11,Taobao,117106.0,126
2024-09-12,POS,221092.0,143
2024-09-12,Shopify,197625.0,162
2024-09-12,Taobao,122742.0,134
2024-09-13,POS,196728.0,124
2024-09-13,Shopify,152366.0,142
2024-09-13,Taobao,131180.0,132
2024-09-14,POS,204501.0,127
2024-09-14,Shopify,139136.0,116
2024-09-14,Taobao,129628.0,130
2024-09-15,POS,240048.0,164
2024-09-15,Shopify,167120.0,144
2024-09-15,Taobao,140535.0,136
2024-09-16,POS,169410.0,118
2024-09-16,Shopify,155569.0,128
2024-09-16,Taobao,136560.0,140
2024-09-17,POS,220884.0,143
2024-09-17,Shopify,157286.0,132
2024-09-17,Taobao,152392.0,145
2024-09-18,POS,199592.0,129
2024-09-18,Shopify,152883.0,133
2024-09-18,Taobao,140169.0,137
2024-09-19,POS,216095.0,141
2024-09-19,Shopify,144662.0,124
2024-09-19,Taobao,150422.0,146
2024-09-20,POS,204519.0,130
2024-09-20,Shopify,180426.0,151
2024-09-20,Taobao,123769.0,122
2024-09-21,POS,234811.0,163
2024-09-21,Shopify,165053.0,142
2024-09-21,Taobao,123672.0,120
2024-09-22,POS,205926.0,127
2024-09-22,Shopify,147655.0,125
2024-09-22,Taobao,142447.0,134
2024-09-23,POS,195786.0,133
2024-09-23,Shopify,168800.0,136
2024-09-23,Taobao,150467.0,149
2024-09-24,POS,216412.0,140
2024-09-24,Shopify,191555.0,161
2024-09-24,Taobao,141751.0,136
2024-09-25,POS,195264.0,128
2024-09-25,Shopify,160465.0,127
2024-09-25,Taobao,129052.0,123
2024-09-26,POS,188950.0,129
2024-09-26,Shopify,194496.0,156
2024-09-26,Taobao,138492.0,131
2024-09-27,POS,215739.0,151
2024-09-27,Shopify,153178.0,137
2024-09-27,Taobao,137622.0,138
2024-09-28,POS,185439.0,122
2024-09-28,Shopify,176865.0,133
2024-09-28,Taobao,137159.0,133
2024-09-29,POS,202054.0,139
2024-09-29,Shopify,167661.0,137
2024-09-29,Taobao,167272.0,152
2024-09-30,POS,198036.0,137
2024-09-30,Shopify,148031.0,123
2024-09-30,Taobao,142729.0,137
2024-10-01,POS,203132.0,136
2024-10-01,Shopify,153901.0,127
2024-10-01,Taobao,127211.0,127
2024-10-02,POS,216061.0,138
2024-10-02,Shopify,154110.0,128
2024-10-02,Taobao,135729.0,139
2024-10-03,POS,235258.0,151
2024-10-03,Shopify,179550.0,135
2024-10-03,Taobao,140157.0,131
2024-10-04,POS,212658.0,130
2024-10-04,Shopify,151672.0,135
2024-10-04,Taobao,161138.0,157
2024-10-05,POS,168211.0,119
2024-10-05,Shopify,164250.0,141
2024-10-05,Taobao,163797.0,146
2024-10-06,POS,207065.0,140
2024-10-06,Shopify,145691.0,128
2024-10-06,Taobao,153997.0,166
2024-10-07,POS,245181.0,150
2024-10-07,Shopify,168726.0,146
2024-10-07,Taobao,138320.0,127
2024-10-08,POS,181464.0,124
2024-10-08,Shopify,171993.0,144
2024-10-08,Taobao,132944.0,122
2024-10-09,POS,210045.0,145
2024-10-09,Shopify,166697.0,141
2024-10-09,Taobao,153749.0,141
2024-10-10,POS,220500.0,137
2024-10-10,Shopify,171607.0,136
2024-10-10,Taobao,125507.0,127
2024-10-11,POS,187715.0,133
2024-10-11,Shopify,174215.0,153
2024-10-11,Taobao,151009.0,148
2024-10-12,POS,217031.0,137
2024-10-12,Shopify,157079.0,128
2024-10-12,Taobao,142246.0,147
2024-10-13,POS,192270.0,130
2024-10-13,Shopify,197542.0,153
2024-10-13,Taobao,116862.0,125
2024-10-14,POS,216031.0,146
2024-10-14,Shopify,152179.0,125
2024-10-14,Taobao,134205.0,133
2024-10-15,POS,182169.0,130
2024-10-15,Shopify,160570.0,131
2024-10-15,Taobao,138981.0,132
2024-10-16,POS,188154.0,126
2024-10-16,Shopify,156001.0,130
2024-10-16,Taobao,139360.0,137
2024-10-17,POS,251691.0,158
2024-10-17,Shopify,164826.0,144
2024-10-17,Taobao,134870.0,129
2024-10-18,POS,237193.0,152
2024-10-18,Shopify,160266.0,133
2024-10-18,Taobao,132954.0,129
2024-10-19,POS,215576.0,138
2024-10-19,Shopify,152119.0,131
2024-10-19,Taobao,139862.0,133
2024-10-20,POS,196462.0,126
2024-10-20,Shopify,151067.0,135
2024-10-20,Taobao,124194.0,123
2024-10-21,POS,221312.0,132
2024-10-21,Shopify,151407.0,130
2024-10-21,Taobao,138335.0,135
2024-10-22,POS,168372.0,119
2024-10-22,Shopify,169894.0,146
2024-10-22,Taobao,139633.0,136
2024-10-23,POS,167668.0,116
2024-10-23,Shopify,144333.0,116
2024-10-23,Taobao,157426.0,152
2024-10-24,POS,213975.0,150
2024-10-24,Shopify,159592.0,134
2024-10-24,Taobao,165439.0,150
2024-10-25,POS,221645.0,139
2024-10-25,Shopify,185055.0,148
2024-10-25,Taobao,144679.0,140
2024-10-26,POS,253221.0,151
2024-10-26,Shopify,136337.0,119
2024-10-26,Taobao,152565.0,155
2024-10-27,POS,198104.0,131
2024-10-27,Shopify,186794.0,153
2024-10-27,Taobao,102801.0,103
2024-10-28,POS,227013.0,145
2024-10-28,Shopify,162784.0,140
2024-10-28,Taobao,128053.0,123
2024-10-29,POS,189029.0,139
2024-10-29,Shopify,183763.0,151
2024-10-29,Taobao,154034.0,141
2024-10-30,POS,196144.0,131
2024-10-30,Shopify,174856.0,148
2024-10-30,Taobao,138667.0,131
2024-10-31,POS,200756.0,130
2024-10-31,Shopify,178121.0,135
2024-10-31,Taobao,155000.0,148
2024-11-01,POS,185414.0,127
2024-11-01,Shopify,182650.0,150
2024-11-01,Taobao,144110.0,150
2024-11-02,POS,182506.0,117
2024-11-02,Shopify,161263.0,144
2024-11-02,Taobao,134724.0,125
2024-11-03,POS,211428.0,141
2024-11-03,Shopify,132939.0,117
2024-11-03,Taobao,150867.0,143
2024-11-04,POS,207819.0,138
2024-11-04,Shopify,180121.0,144
2024-11-04,Taobao,134305.0,136
2024-11-05,POS,189557.0,139
2024-11-05,Shopify,170237.0,148
2024-11-05,Taobao,138355.0,133
2024-11-06,POS,183844.0,124
2024-11-06,Shopify,167773.0,140
2024-11-06,Taobao,153343.0,147
2024-11-07,POS,192712.0,123
2024-11-07,Shopify,194181.0,142
2024-11-07,Taobao,152751.0,144
2024-11-08,POS,169475.0,126
2024-11-08,Shopify,169211.0,146
2024-11-08,Taobao,155989.0,143
2024-11-09,POS,209876.0,134
2024-11-09,Shopify,151125.0,125
2024-11-09,Taobao,146229.0,141
2024-11-10,POS,198232.0,127
2024-11-10,Shopify,143144.0,120
2024-11-10,Taobao,129790.0,125
2024-11-11,POS,194625.0,139
2024-11-11,Shopify,167292.0,134
2024-11-11,Taobao,145556.0,142
2024-11-12,POS,227374.0,143
2024-11-12,Shopify,173699.0,137
2024-11-12,Taobao,128297.0,135
2024-11-13,POS,251617.0,155
2024-11-13,Shopify,165483.0,136
2024-11-13,Taobao,148623.0,147
2024-11-14,POS,237172.0,138
2024-11-14,Shopify,154085.0,137
2024-11-14,Taobao,127686.0,132
2024-11-15,POS,201353.0,128
2024-11-15,Shopify,135988.0,114
2024-11-15,Taobao,129565.0,129
2024-11-16,POS,198033.0,130
2024-11-16,Shopify,186301.0,151
2024-11-16,Taobao,158932.0,165
2024-11-17,POS,195988.0,122
2024-11-17,Shopify,160439.0,121
2024-11-17,Taobao,154587.0,162
2024-11-18,POS,207354.0,138
2024-11-18,Shopify,155775.0,139
2024-11-18,Taobao,136468.0,132
2024-11-19,POS,204500.0,131
2024-11-19,Shopify,171385.0,135
2024-11-19,Taobao,140982.0,137
2024-11-20,POS,244387.0,157
2024-11-20,Shopify,160291.0,136
2024-11-20,Taobao,132078.0,140
2024-11-21,POS,185343.0,130
2024-11-21,Shopify,161125.0,137
2024-11-21,Taobao,138951.0,138
2024-11-22,POS,211517.0,131
2024-11-22,Shopify,152506.0,137
2024-11-22,Taobao,137208.0,135
2024-11-23,POS,243393.0,155
2024-11-23,Shopify,140604.0,126
2024-11-23,Taobao,153762.0,148
2024-11-24,POS,237315.0,151
2024-11-24,Shopify,145035.0,125
2024-11-24,Taobao,112771.0,114
2024-11-25,POS,216133.0,155
2024-11-25,Shopify,132850.0,107
2024-11-25,Taobao,136759.0,136
2024-11-26,POS,200249.0,134
2024-11-26,Shopify,159874.0,135
2024-11-26,Taobao,151759.0,130
2024-11-27,POS,192439.0,134
2024-11-27,Shopify,188011.0,153
2024-11-27,Taobao,138100.0,136
2024-11-28,POS,237637.0,154
2024-11-28,Shopify,159591.0,147
2024-11-28,Taobao,152433.0,141
2024-11-29,POS,206815.0,139
2024-11-29,Shopify,160045.0,131
2024-11-29,Taobao,128292.0,132
2024-11-30,POS,167306.0,122
2024-11-30,Shopify,161523.0,132
2024-11-30,Taobao,155438.0,154
2024-12-01,POS,202398.0,125
2024-12-01,Shopify,165781.0,151
2024-12-01,Taobao,109133.0,117
2024-12-02,POS,205204.0,150
2024-12-02,Shopify,172325.0,141
2024-12-02,Taobao,117809.0,120
2024-12-03,POS,177592.0,120
2024-12-03,Shopify,140401.0,123
2024-12-03,Taobao,147567.0,151
2024-12-04,POS,202792.0,132
2024-12-04,Shopify,178283.0,133
2024-12-04,Taobao,129638.0,126
2024-12-05,POS,253822.0,165
2024-12-05,Shopify,145369.0,130
2024-12-05,Taobao,143815.0,135
2024-12-06,POS,186825.0,126
2024-12-06,Shopify,180927.0,148
2024-12-06,Taobao,149613.0,143
2024-12-07,POS,223116.0,147
2024-12-07,Shopify,164223.0,131
2024-12-07,Taobao,144335.0,134
2024-12-08,POS,176816.0,122
2024-12-08,Shopify,181474.0,139
2024-12-08,Taobao,163840.0,140
2024-12-09,POS,180910.0,125
2024-12-09,Shopify,183448.0,143
2024-12-09,Taobao,126957.0,124
2024-12-10,POS,206657.0,146
2024-12-10,Shopify,183659.0,153
2024-12-10,Taobao,142290.0,140
2024-12-11,POS,160949.0,117
2024-12-11,Shopify,168352.0,142
2024-12-11,Taobao,149784.0,142
2024-12-12,POS,215093.0,147
2024-12-12,Shopify,172280.0,144
2024-12-12,Taobao,124350.0,126
2024-12-13,POS,209439.0,142
2024-12-13,Shopify,156172.0,131
2024-12-13,Taobao,138225.0,138
2024-12-14,POS,207970.0,144
2024-12-14,Shopify,160103.0,136
2024-12-14,Taobao,150255.0,143
2024-12-15,POS,219347.0,149
2024-12-15,Shopify,156500.0,138
2024-12-15,Taobao,126017.0,124
2024-12-16,POS,223943.0,148
2024-12-16,Shopify,140752.0,115
2024-12-16,Taobao,131517.0,137
2024-12-17,POS,186945.0,123
2024-12-17,Shopify,167221.0,142
2024-12-17,Taobao,141963.0,134
2024-12-18,POS,173798.0,130
2024-12-18,Shopify,158513.0,131
2024-12-18,Taobao,140689.0,135
2024-12-19,POS,191194.0,137
2024-12-19,Shopify,149301.0,125
2024-12-19,Taobao,141704.0,143
2024-12-20,POS,204778.0,128
2024-12-20,Shopify,169649.0,147
2024-12-20,Taobao,142920.0,147
2024-12-21,POS,199306.0,132
2024-12-21,Shopify,161721.0,137
2024-12-21,Taobao,137798.0,141
2024-12-22,POS,186354.0,121
2024-12-22,Shopify,154926.0,131
2024-12-22,Taobao,143321.0,144
2024-12-23,POS,237164.0,149
2024-12-23,Shopify,184116.0,139
2024-12-23,Taobao,137902.0,133
2024-12-24,POS,207218.0,152
2024-12-24,Shopify,157377.0,130
2024-12-24,Taobao,160702.0,147
2024-12-25,POS,209849.0,130
2024-12-25,Shopify,209651.0,160
2024-12-25,Taobao,149616.0,137
2024-12-26,POS,186793.0,130
2024-12-26,Shopify,141287.0,125
2024-12-26,Taobao,142390.0,125
2024-12-27,POS,243154.0,164
2024-12-27,Shopify,156235.0,140
2024-12-27,Taobao,139713.0,138
2024-12-28,POS,217002.0,149
2024-12-28,Shopify,145728.0,122
2024-12-28,Taobao,118792.0,119
2024-12-29,POS,224972.0,141
2024-12-29,Shopify,167508.0,138
2024-12-29,Taobao,123630.0,118
2024-12-30,POS,211047.0,144
2024-12-30,Shopify,154327.0,124
2024-12-30,Taobao,138431.0,131
2024-12-31,POS,193190.0,120
2024-12-31,Shopify,166744.0,137
2024-12-31,Taobao,122025.0,120
2025-01-01,POS,194841.0,128
2025-01-01,Shopify,152433.0,121
2025-01-01,Taobao,151093.0,144
2025-01-02,POS,180647.0,123
2025-01-02,Shopify,177839.0,141
2025-01-02,Taobao,150472.0,144
2025-01-03,POS,223265.0,159
2025-01-03,Shopify,171525.0,143
2025-01-03,Taobao,142606.0,141
2025-01-04,POS,186318.0,122
2025-01-04,Shopify,155176.0,124
2025-01-04,Taobao,139419.0,144
2025-01-05,POS,205612.0,135
2025-01-05,Shopify,148774.0,130
2025-01-05,Taobao,143847.0,143
2025-01-06,POS,237040.0,145
2025-01-06,Shopify,178373.0,150
2025-01-06,Taobao,117796.0,118
2025-01-07,POS,194472.0,118
2025-01-07,Shopify,159513.0,132
2025-01-07,Taobao,135429.0,143
2025-01-08,POS,248489.0,164
2025-01-08,Shopify,163559.0,135
2025-01-08,Taobao,141514.0,124
2025-01-09,POS,208646.0,141
2025-01-09,Shopify,140667.0,142
2025-01-09,Taobao,133902.0,137
2025-01-10,POS,221701.0,149
2025-01-10,Shopify,170156.0,142
2025-01-10,Taobao,146434.0,139
2025-01-11,POS,228257.0,145
2025-01-11,Shopify,169004.0,139
2025-01-11,Taobao,150376.0,147
2025-01-12,POS,214519.0,137
2025-01-12,Shopify,149549.0,121
2025-01-12,Taobao,115425.0,116
2025-01-13,POS,223195.0,148
2025-01-13,Shopify,158996.0,128
2025-01-13,Taobao,131365.0,121
2025-01-14,POS,238209.0,151
2025-01-14,Shopify,160362.0,131
2025-01-14,Taobao,145664.0,137
2025-01-15,POS,166495.0,114
2025-01-15,Shopify,157464.0,136
2025-01-15,Taobao,138106.0,137
2025-01-16,POS,202412.0,143
2025-01-16,Shopify,176507.0,142
2025-01-16,Taobao,135176.0,137
2025-01-17,POS,199814.0,133
2025-01-17,Shopify,171605.0,148
2025-01-17,Taobao,148415.0,139
2025-01-18,POS,203074.0,132
2025-01-18,Shopify,166528.0,147
2025-01-18,Taobao,140181.0,137
2025-01-19,POS,226595.0,152
2025-01-19,Shopify,182204.0,139
2025-01-19,Taobao,140251.0,141
2025-01-20,POS,183836.0,130
2025-01-20,Shopify,180474.0,149
2025-01-20,Taobao,160893.0,157
2025-01-21,POS,174545.0,124
2025-01-21,Shopify,181384.0,139
2025-01-21,Taobao,154557.0,159
2025-01-22,POS,217157.0,134
2025-01-22,Shopify,181801.0,142
2025-01-22,Taobao,139717.0,137
2025-01-23,POS,222212.0,145
2025-01-23,Shopify,158552.0,137
2025-01-23,Taobao,120667.0,120
2025-01-24,POS,197865.0,132
2025-01-24,Shopify,136321.0,110
2025-01-24,Taobao,145356.0,136
2025-01-25,POS,224649.0,145
2025-01-25,Shopify,134607.0,122
2025-01-25,Taobao,132287.0,125
2025-01-26,POS,179828.0,126
2025-01-26,Shopify,156169.0,132
2025-01-26,Taobao,157496.0,156
2025-01-27,POS,185956.0,124
2025-01-27,Shopify,166844.0,136
2025-01-27,Taobao,139955.0,133
2025-01-28,POS,189705.0,122
2025-01-28,Shopify,157610.0,125
2025-01-28,Taobao,151063.0,142
2025-01-29,POS,163479.0,113
2025-01-29,Shopify,154118.0,133
2025-01-29,Taobao,124340.0,124
2025-01-30,POS,196169.0,138
2025-01-30,Shopify,151249.0,118
2025-01-30,Taobao,112518.0,110
2025-01-31,POS,200636.0,139
2025-01-31,Shopify,160269.0,125
2025-01-31,Taobao,147692.0,146
2025-02-01,POS,167801.0,114
2025-02-01,Shopify,143062.0,120
2025-02-01,Taobao,151659.0,151
2025-02-02,POS,201013.0,134
2025-02-02,Shopify,129097.0,105
2025-02-02,Taobao,133426.0,135
2025-02-03,POS,195814.0,133
2025-02-03,Shopify,179686.0,142
2025-02-03,Taobao,138691.0,135
2025-02-04,POS,245757.0,159
2025-02-04,Shopify,195106.0,155
2025-02-04,Taobao,144180.0,142
2025-02-05,POS,214109.0,143
2025-02-05,Shopify,158886.0,134
2025-02-05,Taobao,141851.0,136
2025-02-06,POS,201155.0,138
2025-02-06,Shopify,178921.0,150
2025-02-06,Taobao,123046.0,119
2025-02-07,POS,211260.0,135
2025-02-07,Shopify,162045.0,134
2025-02-07,Taobao,132035.0,127
2025-02-08,POS,210974.0,133
2025-02-08,Shopify,152909.0,136
2025-02-08,Taobao,129174.0,132
2025-02-09,POS,206243.0,133
2025-02-09,Shopify,166859.0,142
2025-02-09,Taobao,152035.0,148
2025-02-10,POS,237660.0,139
2025-02-10,Shopify,166097.0,135
2025-02-10,Taobao,152687.0,141
2025-02-11,POS,181012.0,129
2025-02-11,Shopify,152326.0,138
2025-02-11,Taobao,159760.0,154
2025-02-12,POS,211072.0,143
2025-02-12,Shopify,153902.0,133
2025-02-12,Taobao,125154.0,119
2025-02-13,POS,214247.0,127
2025-02-13,Shopify,166280.0,143
2025-02-13,Taobao,158286.0,154
2025-02-14,POS,209640.0,137
2025-02-14,Shopify,170040.0,140
2025-02-14,Taobao,114354.0,129
2025-02-15,POS,224821.0,138
2025-02-15,Shopify,168327.0,133
2025-02-15,Taobao,133991.0,132
2025-02-16,POS,202382.0,125
2025-02-16,Shopify,163285.0,135
2025-02-16,Taobao,152760.0,144
2025-02-17,POS,197550.0,131
2025-02-17,Shopify,189688.0,147
2025-02-17,Taobao,112833.0,120
2025-02-18,POS,172454.0,123
2025-02-18,Shopify,140887.0,120
2025-02-18,Taobao,125975.0,125
2025-02-19,POS,215062.0,135
2025-02-19,Shopify,160987.0,138
2025-02-19,Taobao,144984.0,140
2025-02-20,POS,213595.0,137
2025-02-20,Shopify,181680.0,150
2025-02-20,Taobao,162821.0,149
2025-02-21,POS,212885.0,143
2025-02-21,Shopify,161886.0,140
2025-02-21,Taobao,131439.0,119
2025-02-22,POS,206620.0,132
2025-02-22,Shopify,121262.0,103
2025-02-22,Taobao,112213.0,109
2025-02-23,POS,196396.0,123
2025-02-23,Shopify,168988.0,141
2025-02-23,Taobao,135894.0,125
2025-02-24,POS,198565.0,123
2025-02-24,Shopify,179207.0,155
2025-02-24,Taobao,177660.0,164
2025-02-25,POS,198886.0,140
2025-02-25,Shopify,162762.0,142
2025-02-25,Taobao,158350.0,156
2025-02-26,POS,224050.0,145
2025-02-26,Shopify,169528.0,150
2025-02-26,Taobao,161788.0,162
2025-02-27,POS,201903.0,136
2025-02-27,Shopify,156745.0,126
2025-02-27,Taobao,113682.0,115
2025-02-28,POS,186623.0,130
2025-02-28,Shopify,184014.0,143
2025-02-28,Taobao,165093.0,161
2025-03-01,POS,153106.0,106
2025-03-01,Shopify,151329.0,134
2025-03-01,Taobao,166353.0,165
2025-03-02,POS,206368.0,136
2025-03-02,Shopify,177298.0,140
2025-03-02,Taobao,148851.0,146
2025-03-03,POS,186482.0,125
2025-03-03,Shopify,165889.0,148
2025-03-03,Taobao,136725.0,137
2025-03-04,POS,220563.0,141
2025-03-04,Shopify,160614.0,129
2025-03-04,Taobao,159595.0,144
2025-03-05,POS,243001.0,168
2025-03-05,Shopify,143794.0,123
2025-03-05,Taobao,141977.0,148
2025-03-06,POS,174920.0,124
2025-03-06,Shopify,178992.0,156
2025-03-06,Taobao,130674.0,127
2025-03-07,POS,191252.0,130
2025-03-07,Shopify,161834.0,132
2025-03-07,Taobao,141571.0,141
2025-03-08,POS,204718.0,131
2025-03-08,Shopify,166585.0,139
2025-03-08,Taobao,142522.0,134
2025-03-09,POS,201543.0,134
2025-03-09,Shopify,164965.0,140
2025-03-09,Taobao,129467.0,126
2025-03-10,POS,228759.0,151
2025-03-10,Shopify,201822.0,160
2025-03-10,Taobao,154480.0,149
2025-03-11,POS,208453.0,146
2025-03-11,Shopify,162608.0,133
2025-03-11,Taobao,136398.0,125
2025-03-12,POS,206601.0,137
2025-03-12,Shopify,191564.0,156
2025-03-12,Taobao,146877.0,140
2025-03-13,POS,183495.0,119
2025-03-13,Shopify,144443.0,122
2025-03-13,Taobao,145871.0,145
2025-03-14,POS,206902.0,135
2025-03-14,Shopify,168305.0,136
2025-03-14,Taobao,155383.0,153
2025-03-15,POS,178528.0,123
2025-03-15,Shopify,177134.0,145
2025-03-15,Taobao,146017.0,142
2025-03-16,POS,192527.0,134
2025-03-16,Shopify,164323.0,130
2025-03-16,Taobao,137702.0,133
2025-03-17,POS,202426.0,141
2025-03-17,Shopify,192375.0,151
2025-03-17,Taobao,134897.0,126
2025-03-18,POS,184341.0,128
2025-03-18,Shopify,177899.0,150
2025-03-18,Taobao,134978.0,135
2025-03-19,POS,191384.0,128
2025-03-19,Shopify,188067.0,153
2025-03-19,Taobao,158677.0,151
2025-03-20,POS,212180.0,138
2025-03-20,Shopify,158408.0,130
2025-03-20,Taobao,119693.0,118
2025-03-21,POS,225548.0,143
2025-03-21,Shopify,156562.0,133
2025-03-21,Taobao,139797.0,139
2025-03-22,POS,218899.0,151
2025-03-22,Shopify,183253.0,158
2025-03-22,Taobao,128768.0,126
2025-03-23,POS,204007.0,129
2025-03-23,Shopify,167215.0,122
2025-03-23,Taobao,122508.0,129
2025-03-24,POS,187788.0,129
2025-03-24,Shopify,158300.0,133
2025-03-24,Taobao,151474.0,140
2025-03-25,POS,215366.0,139
2025-03-25,Shopify,166600.0,139
2025-03-25,Taobao,139713.0,138
2025-03-26,POS,216317.0,139
2025-03-26,Shopify,179511.0,149
2025-03-26,Taobao,156186.0,152
2025-03-27,POS,234313.0,147
2025-03-27,Shopify,176235.0,143
2025-03-27,Taobao,142884.0,138
2025-03-28,POS,249269.0,156
2025-03-28,Shopify,148842.0,127
2025-03-28,Taobao,141732.0,136
2025-03-29,POS,229202.0,149
2025-03-29,Shopify,146869.0,124
2025-03-29,Taobao,128289.0,132
2025-03-30,POS,203831.0,127
2025-03-30,Shopify,186752.0,149
2025-03-30,Taobao,158738.0,147
2025-03-31,POS,218657.0,141
2025-03-31,Shopify,160920.0,128
2025-03-31,Taobao,117091.0,122
2025-04-01,POS,213224.0,146
2025-04-01,Shopify,146603.0,123
2025-04-01,Taobao,152834.0,149
2025-04-02,POS,226529.0,143
2025-04-02,Shopify,156328.0,126
2025-04-02,Taobao,131880.0,135
2025-04-03,POS,214924.0,152
2025-04-03,Shopify,172769.0,152
2025-04-03,Taobao,162889.0,155
2025-04-04,POS,225814.0,142
2025-04-04,Shopify,154606.0,133
2025-04-04,Taobao,151191.0,144
2025-04-05,POS,216560.0,141
2025-04-05,Shopify,131638.0,116
2025-04-05,Taobao,122892.0,113
2025-04-06,POS,191319.0,131
2025-04-06,Shopify,162856.0,139
2025-04-06,Taobao,131409.0,132
2025-04-07,POS,166501.0,122
2025-04-07,Shopify,172811.0,143
2025-04-07,Taobao,129263.0,130
2025-04-08,POS,216270.0,141
2025-04-08,Shopify,163769.0,133
2025-04-08,Taobao,142439.0,134
2025-04-09,POS,195332.0,142
2025-04-09,Shopify,164306.0,141
2025-04-09,Taobao,142709.0,143
2025-04-10,POS,166677.0,115
2025-04-10,Shopify,173075.0,149
2025-04-10,Taobao,135172.0,132
2025-04-11,POS,229555.0,144
2025-04-11,Shopify,194248.0,160
2025-04-11,Taobao,142945.0,139
2025-04-12,POS,220762.0,144
2025-04-12,Shopify,152848.0,128
2025-04-12,Taobao,137365.0,139
2025-04-13,POS,174365.0,117
2025-04-13,Shopify,172796.0,144
2025-04-13,Taobao,135598.0,135
2025-04-14,POS,215891.0,136
2025-04-14,Shopify,139753.0,133
2025-04-14,Taobao,156370.0,154
2025-04-15,POS,187289.0,129
2025-04-15,Shopify,133683.0,118
2025-04-15,Taobao,154433.0,136
2025-04-16,POS,205684.0,141
2025-04-16,Shopify,186072.0,148
2025-04-16,Taobao,148851.0,139
2025-04-17,POS,198235.0,136
2025-04-17,Shopify,164232.0,142
2025-04-17,Taobao,148474.0,140
2025-04-18,POS,182908.0,128
2025-04-18,Shopify,139264.0,123
2025-04-18,Taobao,148392.0,138
2025-04-19,POS,245899.0,156
2025-04-19,Shopify,167730.0,141
2025-04-19,Taobao,128175.0,123
2025-04-20,POS,217237.0,141
2025-04-20,Shopify,184071.0,136
2025-04-20,Taobao,125284.0,125
2025-04-21,POS,177159.0,130
2025-04-21,Shopify,154109.0,133
2025-04-21,Taobao,147859.0,137
2025-04-22,POS,214272.0,140
2025-04-22,Shopify,145269.0,123
2025-04-22,Taobao,144428.0,138
2025-04-23,POS,211492.0,136
2025-04-23,Shopify,164460.0,145
2025-04-23,Taobao,145863.0,135
2025-04-24,POS,209459.0,149
2025-04-24,Shopify,156235.0,128
2025-04-24,Taobao,126659.0,124
2025-04-25,POS,206241.0,138
2025-04-25,Shopify,155805.0,129
2025-04-25,Taobao,153079.0,142
2025-04-26,POS,219510.0,145
2025-04-26,Shopify,128445.0,106
2025-04-26,Taobao,136972.0,136
2025-04-27,POS,211429.0,142
2025-04-27,Shopify,165838.0,147
2025-04-27,Taobao,145688.0,137
2025-04-28,POS,214492.0,132
2025-04-28,Shopify,137113.0,121
2025-04-28,Taobao,169354.0,157
2025-04-29,POS,230999.0,167
2025-04-29,Shopify,177295.0,133
2025-04-29,Taobao,152772.0,150
2025-04-30,POS,196467.0,136
2025-04-30,Shopify,158529.0,134
2025-04-30,Taobao,133494.0,137
2025-05-01,POS,211667.0,129
2025-05-01,Shopify,185482.0,153
2025-05-01,Taobao,124786.0,123
2025-05-02,POS,224645.0,142
2025-05-02,Shopify,145461.0,124
2025-05-02,Taobao,142892.0,139
2025-05-03,POS,228808.0,146
2025-05-03,Shopify,198159.0,155
2025-05-03,Taobao,114972.0,111
2025-05-04,POS,208573.0,139
2025-05-04,Shopify,164637.0,139
2025-05-04,Taobao,153501.0,151
2025-05-05,POS,238457.0,157
2025-05-05,Shopify,160818.0,121
2025-05-05,Taobao,156595.0,135
2025-05-06,POS,210482.0,154
2025-05-06,Shopify,174189.0,137
2025-05-06,Taobao,132144.0,127
2025-05-07,POS,194381.0,133
2025-05-07,Shopify,151146.0,124
2025-05-07,Taobao,134014.0,135
2025-05-08,POS,172814.0,119
2025-05-08,Shopify,172074.0,134
2025-05-08,Taobao,128327.0,127
2025-05-09,POS,195466.0,128
2025-05-09,Shopify,165437.0,137
2025-05-09,Taobao,155047.0,143
2025-05-10,POS,188830.0,131
2025-05-10,Shopify,158209.0,122
2025-05-10,Taobao,141175.0,137
2025-05-11,POS,236616.0,160
2025-05-11,Shopify,166443.0,141
2025-05-11,Taobao,131783.0,126
2025-05-12,POS,184081.0,119
2025-05-12,Shopify,184933.0,138
2025-05-12,Taobao,116571.0,114
2025-05-13,POS,196726.0,132
2025-05-13,Shopify,156122.0,124
2025-05-13,Taobao,130622.0,129
2025-05-14,POS,198701.0,125
2025-05-14,Shopify,182837.0,149
2025-05-14,Taobao,163325.0,150
2025-05-15,POS,190346.0,123
2025-05-15,Shopify,169602.0,143
2025-05-15,Taobao,139118.0,138
2025-05-16,POS,206429.0,138
2025-05-16,Shopify,149499.0,128
2025-05-16,Taobao,134086.0,126
2025-05-17,POS,195632.0,129
2025-05-17,Shopify,158646.0,130
2025-05-17,Taobao,132701.0,120
2025-05-18,POS,205725.0,137
2025-05-18,Shopify,158771.0,142
2025-05-18,Taobao,129803.0,132
2025-05-19,POS,209355.0,150
2025-05-19,Shopify,178442.0,148
2025-05-19,Taobao,138493.0,134
2025-05-20,POS,203453.0,140
2025-05-20,Shopify,133158.0,126
2025-05-20,Taobao,130350.0,134
2025-05-21,POS,241717.0,165
2025-05-21,Shopify,176329.0,140
2025-05-21,Taobao,129594.0,127
2025-05-22,POS,209423.0,137
2025-05-22,Shopify,195323.0,153
2025-05-22,Taobao,163458.0,152
2025-05-23,POS,181094.0,129
2025-05-23,Shopify,169077.0,142
2025-05-23,Taobao,149768.0,146
2025-05-24,POS,199202.0,134
2025-05-24,Shopify,163477.0,130
2025-05-24,Taobao,122504.0,117
2025-05-25,POS,200929.0,134
2025-05-25,Shopify,161408.0,146
2025-05-25,Taobao,157954.0,158
2025-05-26,POS,225796.0,129
2025-05-26,Shopify,120912.0,115
2025-05-26,Taobao,134991.0,130
2025-05-27,POS,183102.0,127
2025-05-27,Shopify,140192.0,119
2025-05-27,Taobao,133849.0,135
2025-05-28,POS,201893.0,130
2025-05-28,Shopify,166831.0,144
2025-05-28,Taobao,130357.0,121
2025-05-29,POS,187641.0,124
2025-05-29,Shopify,165731.0,140
2025-05-29,Taobao,147713.0,143
2025-05-30,POS,222842.0,143
2025-05-30,Shopify,143566.0,132
2025-05-30,Taobao,132236.0,126
2025-05-31,POS,196548.0,123
2025-05-31,Shopify,166401.0,141
2025-05-31,Taobao,160604.0,154
2025-06-01,POS,219711.0,132
2025-06-01,Shopify,160965.0,128
2025-06-01,Taobao,153558.0,151
2025-06-02,POS,191196.0,130
2025-06-02,Shopify,146038.0,125
2025-06-02,Taobao,150020.0,140
2025-06-03,POS,222582.0,144
2025-06-03,Shopify,193308.0,169
2025-06-03,Taobao,154574.0,139
2025-06-04,POS,188680.0,136
2025-06-04,Shopify,149734.0,121
2025-06-04,Taobao,112841.0,114
2025-06-05,POS,207059.0,149
2025-06-05,Shopify,155341.0,133
2025-06-05,Taobao,141717.0,133
2025-06-06,POS,190984.0,118
2025-06-06,Shopify,171980.0,142
2025-06-06,Taobao,140708.0,136
2025-06-07,POS,219361.0,132
2025-06-07,Shopify,147263.0,116
2025-06-07,Taobao,140767.0,137
2025-06-08,POS,182070.0,127
2025-06-08,Shopify,140064.0,113
2025-06-08,Taobao,168132.0,168
2025-06-09,POS,217217.0,150
2025-06-09,Shopify,189385.0,145
2025-06-09,Taobao,140190.0,128
2025-06-10,POS,195963.0,137
2025-06-10,Shopify,178258.0,135
2025-06-10,Taobao,134190.0,135
2025-06-11,POS,209912.0,142
2025-06-11,Shopify,153236.0,128
2025-06-11,Taobao,146492.0,139
2025-06-12,POS,206680.0,131
2025-06-12,Shopify,161350.0,135
2025-06-12,Taobao,122616.0,135
2025-06-13,POS,205330.0,129
2025-06-13,Shopify,157660.0,134
2025-06-13,Taobao,161352.0,153
2025-06-14,POS,210018.0,133
2025-06-14,Shopify,180065.0,150
2025-06-14,Taobao,125255.0,124
2025-06-15,POS,203686.0,139
2025-06-15,Shopify,171382.0,146
2025-06-15,Taobao,140421.0,141
2025-06-16,POS,220373.0,150
2025-06-16,Shopify,183801.0,148
2025-06-16,Taobao,147871.0,141
2025-06-17,POS,218501.0,140
2025-06-17,Shopify,162080.0,129
2025-06-17,Taobao,151058.0,164
2025-06-18,POS,195611.0,124
2025-06-18,Shopify,181834.0,132
2025-06-18,Taobao,125732.0,124
2025-06-19,POS,247680.0,148
2025-06-19,Shopify,171634.0,142
2025-06-19,Taobao,131943.0,132
2025-06-20,POS,179336.0,126
2025-06-20,Shopify,169809.0,145
2025-06-20,Taobao,132931.0,127
2025-06-21,POS,163673.0,116
2025-06-21,Shopify,204620.0,161
2025-06-21,Taobao,136888.0,133
2025-06-22,POS,174298.0,111
2025-06-22,Shopify,150658.0,132
2025-06-22,Taobao,112613.0,112
2025-06-23,POS,224421.0,140
2025-06-23,Shopify,169189.0,131
2025-06-23,Taobao,155246.0,149
2025-06-24,POS,201386.0,131
2025-06-24,Shopify,166082.0,134
2025-06-24,Taobao,150152.0,138
2025-06-25,POS,242643.0,151
2025-06-25,Shopify,161486.0,130
2025-06-25,Taobao,134661.0,139
2025-06-26,POS,167242.0,116
2025-06-26,Shopify,181303.0,141
2025-06-26,Taobao,135978.0,131
2025-06-27,POS,193822.0,130
2025-06-27,Shopify,171560.0,149
2025-06-27,Taobao,175247.0,164
2025-06-28,POS,178830.0,116
2025-06-28,Shopify,149297.0,130
2025-06-28,Taobao,126296.0,129
2025-06-29,POS,186608.0,126
2025-06-29,Shopify,180069.0,141
2025-06-29,Taobao,146070.0,146
2025-06-30,POS,195730.0,141
2025-06-30,Shopify,164418.0,142
2025-06-30,Taobao,147554.0,139
2025-07-01,POS,176006.0,122
2025-07-01,Shopify,180004.0,149
2025-07-01,Taobao,155628.0,146
2025-07-02,POS,186871.0,123
2025-07-02,Shopify,142274.0,135
2025-07-02,Taobao,158719.0,161
2025-07-03,POS,217098.0,129
2025-07-03,Shopify,194928.0,150
2025-07-03,Taobao,122597.0,116
2025-07-04,POS,196458.0,140
2025-07-04,Shopify,173844.0,150
2025-07-04,Taobao,140687.0,140
2025-07-05,POS,205528.0,143
2025-07-05,Shopify,170858.0,139
2025-07-05,Taobao,144998.0,133
2025-07-06,POS,207600.0,139
2025-07-06,Shopify,146799.0,125
2025-07-06,Taobao,145214.0,143
2025-07-07,POS,216923.0,133
2025-07-07,Shopify,153471.0,133
2025-07-07,Taobao,157562.0,153
2025-07-08,POS,219611.0,146
2025-07-08,Shopify,149112.0,123
2025-07-08,Taobao,114731.0,117
2025-07-09,POS,212015.0,134
2025-07-09,Shopify,165216.0,129
2025-07-09,Taobao,157060.0,153
2025-07-10,POS,200886.0,132
2025-07-10,Shopify,157673.0,129
2025-07-10,Taobao,151716.0,139
2025-07-11,POS,221679.0,151
2025-07-11,Shopify,187718.0,162
2025-07-11,Taobao,145010.0,146
2025-07-12,POS,224066.0,151
2025-07-12,Shopify,164515.0,139
2025-07-12,Taobao,146394.0,132
2025-07-13,POS,212289.0,138
2025-07-13,Shopify,164864.0,139
2025-07-13,Taobao,129855.0,129
2025-07-14,POS,207562.0,135
2025-07-14,Shopify,154810.0,128
2025-07-14,Taobao,135104.0,143
2025-07-15,POS,206706.0,140
2025-07-15,Shopify,187715.0,141
2025-07-15,Taobao,132692.0,130
2025-07-16,POS,205271.0,144
2025-07-16,Shopify,169240.0,136
2025-07-16,Taobao,138916.0,127
2025-07-17,POS,208784.0,149
2025-07-17,Shopify,152807.0,117
2025-07-17,Taobao,150085.0,146
2025-07-18,POS,203136.0,139
2025-07-18,Shopify,177753.0,139
2025-07-18,Taobao,155685.0,147
2025-07-19,POS,184256.0,127
2025-07-19,Shopify,183741.0,148
2025-07-19,Taobao,154626.0,152
2025-07-20,POS,189032.0,127
2025-07-20,Shopify,178671.0,147
2025-07-20,Taobao,155051.0,155
2025-07-21,POS,169983.0,126
2025-07-21,Shopify,154330.0,133
2025-07-21,Taobao,140489.0,138
2025-07-22,POS,218396.0,151
2025-07-22,Shopify,172904.0,139
2025-07-22,Taobao,118575.0,122
2025-07-23,POS,188991.0,132
2025-07-23,Shopify,157997.0,139
2025-07-23,Taobao,122911.0,120
2025-07-24,POS,211725.0,138
2025-07-24,Shopify,144863.0,128
2025-07-24,Taobao,139062.0,138
2025-07-25,POS,204468.0,131
2025-07-25,Shopify,154807.0,136
2025-07-25,Taobao,121032.0,120
2025-07-26,POS,204848.0,134
2025-07-26,Shopify,167538.0,124
2025-07-26,Taobao,138584.0,132
2025-07-27,POS,184469.0,138
2025-07-27,Shopify,173741.0,146
2025-07-27,Taobao,151720.0,148
2025-07-28,POS,214673.0,142
2025-07-28,Shopify,169681.0,136
2025-07-28,Taobao,144512.0,132
2025-07-29,POS,212619.0,121
2025-07-29,Shopify,191667.0,150
2025-07-29,Taobao,137672.0,133
2025-07-30,POS,182933.0,124
2025-07-30,Shopify,150523.0,122
2025-07-30,Taobao,138934.0,136
2025-07-31,POS,212749.0,145
2025-07-31,Shopify,165674.0,136
2025-07-31,Taobao,134489.0,137
2025-08-01,POS,212645.0,150
2025-08-01,Shopify,210614.0,150
2025-08-01,Taobao,152754.0,145
2025-08-02,POS,206245.0,146
2025-08-02,Shopify,160811.0,127
2025-08-02,Taobao,131264.0,128
2025-08-03,POS,211463.0,132
2025-08-03,Shopify,184051.0,149
2025-08-03,Taobao,142128.0,150
2025-08-04,POS,213810.0,137
2025-08-04,Shopify,147269.0,119
2025-08-04,Taobao,145170.0,151
2025-08-05,POS,246934.0,148
2025-08-05,Shopify,183166.0,146
2025-08-05,Taobao,139207.0,129
2025-08-06,POS,220690.0,141
2025-08-06,Shopify,157585.0,132
2025-08-06,Taobao,145857.0,150
2025-08-07,POS,151733.0,114
2025-08-07,Shopify,186781.0,156
2025-08-07,Taobao,145135.0,143
2025-08-08,POS,205328.0,131
2025-08-08,Shopify,182327.0,154
2025-08-08,Taobao,137820.0,132
2025-08-09,POS,203126.0,133
2025-08-09,Shopify,151635.0,130
2025-08-09,Taobao,134715.0,141
2025-08-10,POS,224603.0,130
2025-08-10,Shopify,142985.0,121
2025-08-10,Taobao,145015.0,137
2025-08-11,POS,219808.0,143
2025-08-11,Shopify,183804.0,153
2025-08-11,Taobao,162221.0,161
2025-08-12,POS,165902.0,118
2025-08-12,Shopify,180777.0,146
2025-08-12,Taobao,133525.0,135
2025-08-13,POS,194879.0,132
2025-08-13,Shopify,163729.0,137
2025-08-13,Taobao,120855.0,124
2025-08-14,POS,224022.0,132
2025-08-14,Shopify,153555.0,124
2025-08-14,Taobao,137747.0,143
2025-08-15,POS,197246.0,124
2025-08-15,Shopify,183925.0,148
2025-08-15,Taobao,167166.0,158
2025-08-16,POS,245734.0,157
2025-08-16,Shopify,185935.0,155
2025-08-16,Taobao,147484.0,133
2025-08-17,POS,201037.0,132
2025-08-17,Shopify,147770.0,130
2025-08-17,Taobao,122267.0,117
2025-08-18,POS,198477.0,142
2025-08-18,Shopify,148795.0,118
2025-08-18,Taobao,136587.0,135
2025-08-19,POS,161889.0,113
2025-08-19,Shopify,169850.0,133
2025-08-19,Taobao,146535.0,142
2025-08-20,POS,166340.0,112
2025-08-20,Shopify,160753.0,140
2025-08-20,Taobao,135849.0,144
2025-08-21,POS,191336.0,136
2025-08-21,Shopify,151162.0,126
2025-08-21,Taobao,150770.0,141
2025-08-22,POS,179208.0,126
2025-08-22,Shopify,156259.0,123
2025-08-22,Taobao,124386.0,128
2025-08-23,POS,219570.0,134
2025-08-23,Shopify,143707.0,115
2025-08-23,Taobao,145790.0,146
2025-08-24,POS,224871.0,159
2025-08-24,Shopify,190320.0,164
2025-08-24,Taobao,146582.0,138
2025-08-25,POS,215833.0,151
2025-08-25,Shopify,187363.0,161
2025-08-25,Taobao,136856.0,139
2025-08-26,POS,213813.0,133
2025-08-26,Shopify,161395.0,135
2025-08-26,Taobao,146581.0,152
2025-08-27,POS,203364.0,138
2025-08-27,Shopify,174727.0,137
2025-08-27,Taobao,125859.0,126
2025-08-28,POS,213821.0,135
2025-08-28,Shopify,186994.0,150
2025-08-28,Taobao,147279.0,137
2025-08-29,POS,218261.0,144
2025-08-29,Shopify,139540.0,119
2025-08-29,Taobao,118510.0,121
2025-08-30,POS,207130.0,161
2025-08-30,Shopify,142531.0,127
2025-08-30,Taobao,145485.0,140
2025-08-31,POS,188864.0,135
2025-08-31,Shopify,139652.0,106
2025-08-31,Taobao,155820.0,139
2025-09-01,POS,179073.0,123
2025-09-01,Shopify,207793.0,162
2025-09-01,Taobao,145369.0,139
2025-09-02,POS,212182.0,144
2025-09-02,Shopify,186885.0,146
2025-09-02,Taobao,153411.0,140
2025-09-03,POS,192276.0,120
2025-09-03,Shopify,168100.0,149
2025-09-03,Taobao,153422.0,149
2025-09-04,POS,237842.0,152
2025-09-04,Shopify,142193.0,124
2025-09-04,Taobao,152808.0,134
2025-09-05,POS,197934.0,130
2025-09-05,Shopify,141340.0,125
2025-09-05,Taobao,141369.0,135
2025-09-06,POS,206976.0,144
2025-09-06,Shopify,164112.0,128
2025-09-06,Taobao,143865.0,139
2025-09-07,POS,201381.0,137
2025-09-07,Shopify,150926.0,122
2025-09-07,Taobao,130707.0,133
2025-09-08,POS,176930.0,118
2025-09-08,Shopify,167685.0,144
2025-09-08,Taobao,125646.0,138
2025-09-09,POS,192302.0,130
2025-09-09,Shopify,160998.0,139
2025-09-09,Taobao,119365.0,126
2025-09-10,POS,227372.0,155
2025-09-10,Shopify,163061.0,143
2025-09-10,Taobao,161589.0,147
2025-09-11,POS,202757.0,128
2025-09-11,Shopify,169273.0,134
2025-09-11,Taobao,156223.0,143
2025-09-12,POS,206559.0,139
2025-09-12,Shopify,164751.0,145
2025-09-12,Taobao,145657.0,143
2025-09-13,POS,183118.0,132
2025-09-13,Shopify,143329.0,122
2025-09-13,Taobao,143655.0,153
2025-09-14,POS,214610.0,148
2025-09-14,Shopify,141752.0,123
2025-09-14,Taobao,160101.0,164
2025-09-15,POS,197742.0,136
2025-09-15,Shopify,151457.0,135
2025-09-15,Taobao,143071.0,138
2025-09-16,POS,237765.0,149
2025-09-16,Shopify,172672.0,151
2025-09-16,Taobao,130284.0,132
2025-09-17,POS,227413.0,145
2025-09-17,Shopify,158057.0,135
2025-09-17,Taobao,144734.0,153
2025-09-18,POS,158262.0,109
2025-09-18,Shopify,167162.0,133
2025-09-18,Taobao,141265.0,133
2025-09-19,POS,197726.0,130
2025-09-19,Shopify,159032.0,132
2025-09-19,Taobao,150832.0,153
2025-09-20,POS,178793.0,122
2025-09-20,Shopify,173877.0,144
2025-09-20,Taobao,129473.0,132
2025-09-21,POS,224037.0,142
2025-09-21,Shopify,178406.0,151
2025-09-21,Taobao,124801.0,121
2025-09-22,POS,233142.0,161
2025-09-22,Shopify,168428.0,129
2025-09-22,Taobao,131707.0,133
2025-09-23,POS,182551.0,126
2025-09-23,Shopify,172557.0,132
2025-09-23,Taobao,114273.0,121
2025-09-24,POS,199508.0,143
2025-09-24,Shopify,182638.0,144
2025-09-24,Taobao,157986.0,149
2025-09-25,POS,227482.0,152
2025-09-25,Shopify,177046.0,150
2025-09-25,Taobao,120257.0,120
2025-09-26,POS,207031.0,149
2025-09-26,Shopify,156159.0,125
2025-09-26,Taobao,135657.0,135
2025-09-27,POS,216152.0,146
2025-09-27,Shopify,141276.0,119
2025-09-27,Taobao,125862.0,117
2025-09-28,POS,195855.0,135
2025-09-28,Shopify,187231.0,155
2025-09-28,Taobao,142485.0,138
2025-09-29,POS,202111.0,134
2025-09-29,Shopify,140891.0,113
2025-09-29,Taobao,131175.0,142
2025-09-30,POS,221232.0,150
2025-09-30,Shopify,174945.0,137
2025-09-30,Taobao,145018.0,144
2025-10-01,POS,248126.0,161
2025-10-01,Shopify,176503.0,144
2025-10-01,Taobao,137122.0,129
2025-10-02,POS,201511.0,145
2025-10-02,Shopify,152415.0,139
2025-10-02,Taobao,135194.0,136
2025-10-03,POS,216503.0,143
2025-10-03,Shopify,165803.0,139
2025-10-03,Taobao,135099.0,138
2025-10-04,POS,227017.0,156
2025-10-04,Shopify,130792.0,130
2025-10-04,Taobao,135109.0,131
2025-10-05,POS,208479.0,130
2025-10-05,Shopify,171984.0,141
2025-10-05,Taobao,146992.0,130
2025-10-06,POS,209952.0,137
2025-10-06,Shopify,185489.0,146
2025-10-06,Taobao,161404.0,153
2025-10-07,POS,212926.0,134
2025-10-07,Shopify,135289.0,123
2025-10-07,Taobao,151252.0,149
2025-10-08,POS,169050.0,117
2025-10-08,Shopify,192013.0,159
2025-10-08,Taobao,128502.0,129
2025-10-09,POS,236466.0,154
2025-10-09,Shopify,178525.0,142
2025-10-09,Taobao,131500.0,127
2025-10-10,POS,233454.0,154
2025-10-10,Shopify,179896.0,157
2025-10-10,Taobao,144108.0,141
2025-10-11,POS,203677.0,132
2025-10-11,Shopify,158523.0,132
2025-10-11,Taobao,130191.0,126
2025-10-12,POS,178988.0,123
2025-10-12,Shopify,155916.0,133
2025-10-12,Taobao,153640.0,149
2025-10-13,POS,230984.0,152
2025-10-13,Shopify,192220.0,156
2025-10-13,Taobao,113867.0,115
2025-10-14,POS,171755.0,118
2025-10-14,Shopify,136978.0,115
2025-10-14,Taobao,142627.0,137
2025-10-15,POS,215851.0,134
2025-10-15,Shopify,190640.0,155
2025-10-15,Taobao,136696.0,146
2025-10-16,POS,196973.0,132
2025-10-16,Shopify,181336.0,153
2025-10-16,Taobao,155988.0,160
2025-10-17,POS,199729.0,130
2025-10-17,Shopify,184201.0,148
2025-10-17,Taobao,133118.0,129
2025-10-18,POS,175729.0,119
2025-10-18,Shopify,179723.0,147
2025-10-18,Taobao,131607.0,129
2025-10-19,POS,171931.0,116
2025-10-19,Shopify,151398.0,126
2025-10-19,Taobao,136499.0,144
2025-10-20,POS,210448.0,133
2025-10-20,Shopify,155285.0,135
2025-10-20,Taobao,158790.0,143
2025-10-21,POS,206659.0,139
2025-10-21,Shopify,147387.0,133
2025-10-21,Taobao,120197.0,116
2025-10-22,POS,205673.0,139
2025-10-22,Shopify,163987.0,137
2025-10-22,Taobao,139724.0,130
2025-10-23,POS,201619.0,134
2025-10-23,Shopify,155257.0,125
2025-10-23,Taobao,132250.0,124
2025-10-24,POS,183520.0,119
2025-10-24,Shopify,149100.0,127
2025-10-24,Taobao,140017.0,137
2025-10-25,POS,204139.0,130
2025-10-25,Shopify,145959.0,128
2025-10-25,Taobao,134188.0,127
2025-10-26,POS,176541.0,115
2025-10-26,Shopify,148688.0,122
2025-10-26,Taobao,145207.0,134
2025-10-27,POS,225711.0,151
2025-10-27,Shopify,158319.0,135
2025-10-27,Taobao,148853.0,142
2025-10-28,POS,202553.0,135
2025-10-28,Shopify,133740.0,119
2025-10-28,Taobao,131637.0,120
2025-10-29,POS,207103.0,143
2025-10-29,Shopify,128788.0,111
2025-10-29,Taobao,175648.0,159
2025-10-30,POS,195972.0,144
2025-10-30,Shopify,187619.0,147
2025-10-30,Taobao,138734.0,129
2025-10-31,POS,198785.0,135
2025-10-31,Shopify,189541.0,148
2025-10-31,Taobao,138695.0,139
2025-11-01,POS,218211.0,140
2025-11-01,Shopify,160574.0,137
2025-11-01,Taobao,154349.0,151
2025-11-02,POS,181610.0,113
2025-11-02,Shopify,147453.0,122
2025-11-02,Taobao,163401.0,161
2025-11-03,POS,207954.0,136
2025-11-03,Shopify,164355.0,133
2025-11-03,Taobao,131305.0,138
2025-11-04,POS,204303.0,134
2025-11-04,Shopify,161748.0,137
2025-11-04,Taobao,157839.0,149
2025-11-05,POS,183939.0,121
2025-11-05,Shopify,154995.0,138
2025-11-05,Taobao,173599.0,151
2025-11-06,POS,192138.0,130
2025-11-06,Shopify,151891.0,136
2025-11-06,Taobao,151056.0,141
2025-11-07,POS,205184.0,132
2025-11-07,Shopify,167692.0,140
2025-11-07,Taobao,154129.0,144
2025-11-08,POS,240925.0,158
2025-11-08,Shopify,181072.0,149
2025-11-08,Taobao,145740.0,140
2025-11-09,POS,224135.0,146
2025-11-09,Shopify,174518.0,141
2025-11-09,Taobao,146117.0,139
2025-11-10,POS,222567.0,145
2025-11-10,Shopify,162124.0,128
2025-11-10,Taobao,132144.0,127
2025-11-11,POS,201901.0,135
2025-11-11,Shopify,133348.0,135
2025-11-11,Taobao,142086.0,140
2025-11-12,POS,195073.0,126
2025-11-12,Shopify,156244.0,130
2025-11-12,Taobao,149567.0,142
2025-11-13,POS,233919.0,153
2025-11-13,Shopify,174713.0,136
2025-11-13,Taobao,136145.0,130
2025-11-14,POS,219351.0,147
2025-11-14,Shopify,146537.0,119
2025-11-14,Taobao,117696.0,115
2025-11-15,POS,177922.0,128
2025-11-15,Shopify,150229.0,129
2025-11-15,Taobao,150364.0,153
2025-11-16,POS,188148.0,130
2025-11-16,Shopify,187653.0,151
2025-11-16,Taobao,124787.0,133
2025-11-17,POS,182527.0,127
2025-11-17,Shopify,174842.0,140
2025-11-17,Taobao,162817.0,153
2025-11-18,POS,219482.0,145
2025-11-18,Shopify,134510.0,112
2025-11-18,Taobao,124493.0,134
2025-11-19,POS,191872.0,129
2025-11-19,Shopify,137335.0,124
2025-11-19,Taobao,131968.0,142
2025-11-20,POS,217525.0,150
2025-11-20,Shopify,164503.0,128
2025-11-20,Taobao,144473.0,137
2025-11-21,POS,199343.0,134
2025-11-21,Shopify,197701.0,163
2025-11-21,Taobao,146819.0,146
2025-11-22,POS,248646.0,157
2025-11-22,Shopify,152257.0,125
2025-11-22,Taobao,146271.0,143
2025-11-23,POS,196910.0,140
2025-11-23,Shopify,189160.0,143
2025-11-23,Taobao,141559.0,135
2025-11-24,POS,201351.0,130
2025-11-24,Shopify,173160.0,144
2025-11-24,Taobao,149758.0,145
2025-11-25,POS,196876.0,129
2025-11-25,Shopify,153360.0,137
2025-11-25,Taobao,93669.0,99
2025-11-26,POS,233856.0,156
2025-11-26,Shopify,141166.0,110
2025-11-26,Taobao,122831.0,119
2025-11-27,POS,214132.0,145
2025-11-27,Shopify,153597.0,135
2025-11-27,Taobao,131312.0,125
2025-11-28,POS,191377.0,122
2025-11-28,Shopify,178177.0,138
2025-11-28,Taobao,140885.0,141
2025-11-29,POS,249288.0,160
2025-11-29,Shopify,162551.0,136
2025-11-29,Taobao,130456.0,139
2025-11-30,POS,227272.0,149
2025-11-30,Shopify,161162.0,142
2025-11-30,Taobao,121527.0,126
2025-12-01,POS,221642.0,140
2025-12-01,Shopify,180295.0,141
2025-12-01,Taobao,139416.0,137
2025-12-02,POS,203870.0,142
2025-12-02,Shopify,178501.0,142
2025-12-02,Taobao,122949.0,127
2025-12-03,POS,177273.0,128
2025-12-03,Shopify,146962.0,126
2025-12-03,Taobao,144198.0,136
2025-12-04,POS,218194.0,152
2025-12-04,Shopify,172009.0,141
2025-12-04,Taobao,106328.0,107
2025-12-05,POS,202449.0,131
2025-12-05,Shopify,171994.0,146
2025-12-05,Taobao,160785.0,160
2025-12-06,POS,192894.0,126
2025-12-06,Shopify,187093.0,156
2025-12-06,Taobao,140965.0,137
2025-12-07,POS,226308.0,146
2025-12-07,Shopify,156549.0,138
2025-12-07,Taobao,163781.0,152
2025-12-08,POS,195422.0,130
2025-12-08,Shopify,177692.0,148
2025-12-08,Taobao,136537.0,149
2025-12-09,POS,215227.0,134
2025-12-09,Shopify,183963.0,156
2025-12-09,Taobao,163768.0,158
2025-12-10,POS,223830.0,150
2025-12-10,Shopify,166824.0,138
2025-12-10,Taobao,154568.0,153
2025-12-11,POS,207030.0,135
2025-12-11,Shopify,138965.0,120
2025-12-11,Taobao,152376.0,148
2025-12-12,POS,214644.0,146
2025-12-12,Shopify,180896.0,136
2025-12-12,Taobao,131462.0,133
2025-12-13,POS,222547.0,151
2025-12-13,Shopify,167517.0,133
2025-12-13,Taobao,129724.0,136
2025-12-14,POS,198440.0,137
2025-12-14,Shopify,146405.0,129
2025-12-14,Taobao,145626.0,135
2025-12-15,POS,197314.0,129
2025-12-15,Shopify,169649.0,139
2025-12-15,Taobao,155401.0,153
2025-12-16,POS,262612.0,163
2025-12-16,Shopify,182849.0,148
2025-12-16,Taobao,133579.0,136
2025-12-17,POS,209660.0,150
2025-12-17,Shopify,166703.0,148
2025-12-17,Taobao,142022.0,149
2025-12-18,POS,205540.0,143
2025-12-18,Shopify,169912.0,140
2025-12-18,Taobao,136987.0,138
2025-12-19,POS,189300.0,126
2025-12-19,Shopify,148698.0,121
2025-12-19,Taobao,137665.0,127
2025-12-20,POS,212231.0,134
2025-12-20,Shopify,155843.0,125
2025-12-20,Taobao,142784.0,144
2025-12-21,POS,242310.0,150
2025-12-21,Shopify,175155.0,128
2025-12-21,Taobao,144437.0,137
2025-12-22,POS,214189.0,136
2025-12-22,Shopify,150020.0,127
2025-12-22,Taobao,158723.0,151
2025-12-23,POS,213808.0,137
2025-12-23,Shopify,161605.0,143
2025-12-23,Taobao,149887.0,143
2025-12-24,POS,206791.0,137
2025-12-24,Shopify,194253.0,154
2025-12-24,Taobao,136044.0,137
2025-12-25,POS,211380.0,138
2025-12-25,Shopify,183712.0,156
2025-12-25,Taobao,150883.0,152
2025-12-26,POS,247262.0,163
2025-12-26,Shopify,159615.0,130
2025-12-26,Taobao,139634.0,137
2025-12-27,POS,216331.0,148
2025-12-27,Shopify,158277.0,143
2025-12-27,Taobao,136437.0,130
2025-12-28,POS,214343.0,140
2025-12-28,Shopify,163162.0,144
2025-12-28,Taobao,107980.0,112
2025-12-29,POS,215193.0,138
2025-12-29,Shopify,169864.0,137
2025-12-29,Taobao,143834.0,135
2025-12-30,POS,208224.0,145
2025-12-30,Shopify,156358.0,132
2025-12-30,Taobao,143027.0,145
2025-12-31,POS,210782.0,146
2025-12-31,Shopify,159587.0,130
2025-12-31,Taobao,158511.0,160
